Unique_Date,Other_Currency,Units_Per_NZD,NZD_Per_Unit
2020-02-01,US Dollar,0.5826817390,1.5471385956
2020-02-02,US Dollar,0.5826282960,1.5471754286
2020-02-03,US Dollar,0.5841777575,1.5473730371
2020-02-04,US Dollar,0.5867063601,1.5434018170
2020-02-05,US Dollar,0.5885930677,1.5437355590
2020-02-06,US Dollar,0.5887196954,1.5474412306
2020-02-07,US Dollar,0.5850048729,1.5611695827
2020-02-08,US Dollar,0.5848014878,1.5621067411
2020-02-09,US Dollar,0.5849527103,1.5620055107
2020-02-10,US Dollar,0.5848228732,1.5664937318
2020-02-11,US Dollar,0.5864197488,1.5621963166
2020-02-12,US Dollar,0.5941738284,1.5452534232
2020-02-13,US Dollar,0.5938866341,1.5519538077
2020-02-14,US Dollar,0.5937582195,1.5538858785
2020-02-15,US Dollar,0.5939513741,1.5542876013
2020-02-16,US Dollar,0.5941028795,1.5540421993
2020-02-17,US Dollar,0.5940980130,1.5531083122
2020-02-18,US Dollar,0.5912156810,1.5642142948
2020-02-19,US Dollar,0.5909905348,1.5676835519
2020-02-20,US Dollar,0.5871427295,1.5774801145
2020-02-21,US Dollar,0.5850322775,1.5745282827
2020-02-22,US Dollar,0.5853742555,1.5744994907
2020-02-23,US Dollar,0.5851664622,1.5753262444
2020-02-24,US Dollar,0.5846437128,1.5756458938
2020-02-25,US Dollar,0.5819001895,1.5811607017
2020-02-26,US Dollar,0.5786191205,1.5873866737
2020-02-27,US Dollar,0.5755816793,1.5826117813
2020-02-28,US Dollar,0.5666218610,1.6038152154
2020-02-29,US Dollar,0.5666971909,1.6002530261
2020-03-01,US Dollar,0.5669256176,1.6000009325
2020-03-02,US Dollar,0.5597315445,1.6005727647
2020-03-03,US Dollar,0.5642136031,1.5860757323
2020-03-04,US Dollar,0.5639881637,1.5932408020
2020-03-05,US Dollar,0.5628740986,1.5857603560
2020-03-06,US Dollar,0.5616555908,1.5733353255
2020-03-07,US Dollar,0.5630627888,1.5732312101
2020-03-08,US Dollar,0.5627887982,1.5738586214
2020-03-09,US Dollar,0.5617628134,1.5582857227
2020-03-10,US Dollar,0.5530867408,1.5921766781
2020-03-11,US Dollar,0.5588654168,1.5872150065
2020-03-12,US Dollar,0.5499034305,1.6401131715
2020-03-13,US Dollar,0.5467635538,1.6498925426
2020-03-14,US Dollar,0.5459884984,1.6483883812
2020-03-15,US Dollar,0.5453576058,1.6491134421
2020-03-16,US Dollar,0.5482490202,1.6376019068
2020-03-17,US Dollar,0.5412245851,1.6833578497
2020-03-18,US Dollar,0.5326766421,1.7322388572
2020-03-19,US Dollar,0.5457455121,1.7076723463
2020-03-20,US Dollar,0.5348586939,1.7513048723
2020-03-21,US Dollar,0.5331245559,1.7514144489
2020-03-22,US Dollar,0.5309160640,1.7519469363
2020-03-23,US Dollar,0.5266177992,1.7645455099
2020-03-24,US Dollar,0.5369550655,1.7260109039
2020-03-25,US Dollar,0.5366009379,1.7224820949
2020-03-26,US Dollar,0.5405521421,1.6789367675
2020-03-27,US Dollar,0.5448417605,1.6615460894
2020-03-28,US Dollar,0.5416080084,1.6564336006
2020-03-29,US Dollar,0.5415590537,1.6561364774
2020-03-30,US Dollar,0.5437086810,1.6692885478
2020-03-31,US Dollar,0.5405527096,1.6781817992
2020-04-01,US Dollar,0.5433893720,1.6829232824
2020-04-02,US Dollar,0.5436563615,1.6930085119
2020-04-03,US Dollar,0.5425437468,1.7075018830
2020-04-04,US Dollar,0.5421410535,1.7063719292
2020-04-05,US Dollar,0.5427501598,1.7054711824
2020-04-06,US Dollar,0.5504922247,1.6808940127
2020-04-07,US Dollar,0.5492766044,1.6719299877
2020-04-08,US Dollar,0.5539579496,1.6619717188
2020-04-09,US Dollar,0.5547594321,1.6490127097
2020-04-10,US Dollar,0.5551684309,1.6452240652
2020-04-11,US Dollar,0.5557873739,1.6451570964
2020-04-12,US Dollar,0.5563683099,1.6437308015
2020-04-13,US Dollar,0.5579491770,1.6433391128
2020-04-14,US Dollar,0.5542511189,1.6448935882
2020-04-15,US Dollar,0.5495087121,1.6677216130
2020-04-16,US Dollar,0.5485179844,1.6816925677
2020-04-17,US Dollar,0.5542819371,1.6577731244
2020-04-18,US Dollar,0.5547806617,1.6575313872
2020-04-19,US Dollar,0.5547107604,1.6576982334
2020-04-20,US Dollar,0.5584988523,1.6465660054
2020-04-21,US Dollar,0.5484214678,1.6794918419
2020-04-22,US Dollar,0.5492738851,1.6815115029
2020-04-23,US Dollar,0.5569931170,1.6602036425
2020-04-24,US Dollar,0.5556676594,1.6664135025
2020-04-25,US Dollar,0.5560292293,1.6614011341
2020-04-26,US Dollar,0.5562956155,1.6611699884
2020-04-27,US Dollar,0.5588516303,1.6524488207
2020-04-28,US Dollar,0.5592514674,1.6492847099
2020-04-29,US Dollar,0.5624193373,1.6381506966
2020-04-30,US Dollar,0.5625327633,1.6260545718
2020-05-01,US Dollar,0.5500952162,1.6529512895
2020-05-02,US Dollar,0.5502339416,1.6495297940
2020-05-03,US Dollar,0.5509291404,1.6484060382
2020-05-04,US Dollar,0.5523565369,1.6597634497
2020-05-05,US Dollar,0.5591184218,1.6490906537
2020-05-06,US Dollar,0.5571295217,1.6612858502
2020-05-07,US Dollar,0.5626867154,1.6437886897
2020-05-08,US Dollar,0.5663158960,1.6272179613
2020-05-09,US Dollar,0.5642675605,1.6295597754
2020-05-10,US Dollar,0.5607482804,1.6295773396
2020-05-11,US Dollar,0.5613283782,1.6481049209
2020-05-12,US Dollar,0.5615453520,1.6392662189
2020-05-13,US Dollar,0.5545695181,1.6639346593
2020-05-14,US Dollar,0.5530262665,1.6747031783
2020-05-15,US Dollar,0.5480119287,1.6865732579
2020-05-16,US Dollar,0.5484598981,1.6851346652
2020-05-17,US Dollar,0.5483198600,1.6853029124
2020-05-18,US Dollar,0.5533642802,1.6575581785
2020-05-19,US Dollar,0.5577935300,1.6391552069
2020-05-20,US Dollar,0.5595278476,1.6278286971
2020-05-21,US Dollar,0.5579566100,1.6362035776
2020-05-22,US Dollar,0.5590994188,1.6421142279
2020-05-23,US Dollar,0.5591497665,1.6405175252
2020-05-24,US Dollar,0.5592522040,1.6399356542
2020-05-25,US Dollar,0.5599519684,1.6390045907
2020-05-26,US Dollar,0.5653460419,1.6120851283
2020-05-27,US Dollar,0.5621031151,1.6224492692
2020-05-28,US Dollar,0.5622226606,1.6074838324
2020-05-29,US Dollar,0.5569281132,1.6164937781
2020-05-30,US Dollar,0.5589508881,1.6108250920
2020-05-31,US Dollar,0.5586961066,1.6116011983
2020-06-01,US Dollar,0.5649716711,1.5913253751
2020-06-02,US Dollar,0.5680675800,1.5765952104
2020-06-03,US Dollar,0.5721891313,1.5541914993
2020-06-04,US Dollar,0.5697870475,1.5505461601
2020-06-05,US Dollar,0.5763929126,1.5361268303
2020-06-06,US Dollar,0.5762996315,1.5369491148
2020-06-07,US Dollar,0.5763681224,1.5367143777
2020-06-08,US Dollar,0.5790160979,1.5289429794
2020-06-09,US Dollar,0.5748891164,1.5328897087
2020-06-10,US Dollar,0.5760967930,1.5286480431
2020-06-11,US Dollar,0.5674727366,1.5490740165
2020-06-12,US Dollar,0.5712740173,1.5555357374
2020-06-13,US Dollar,0.5729495114,1.5502926967
2020-06-14,US Dollar,0.5727398558,1.5514428536
2020-06-15,US Dollar,0.5709748356,1.5544899730
2020-06-16,US Dollar,0.5727903453,1.5510006723
2020-06-17,US Dollar,0.5759877810,1.5477315617
2020-06-18,US Dollar,0.5729838850,1.5565339095
2020-06-19,US Dollar,0.5740286973,1.5571952234
2020-06-20,US Dollar,0.5732776995,1.5604711708
2020-06-21,US Dollar,0.5732788182,1.5606018684
2020-06-22,US Dollar,0.5758121623,1.5423099113
2020-06-23,US Dollar,0.5752724161,1.5355977426
2020-06-24,US Dollar,0.5689786923,1.5589128733
2020-06-25,US Dollar,0.5726349858,1.5565042377
2020-06-26,US Dollar,0.5722319253,1.5584340763
2020-06-27,US Dollar,0.5724807849,1.5571101699
2020-06-28,US Dollar,0.5724700342,1.5570317444
2020-06-29,US Dollar,0.5701541169,1.5605453413
2020-06-30,US Dollar,0.5735888008,1.5518157661
2020-07-01,US Dollar,0.5749343543,1.5446925662
2020-07-02,US Dollar,0.5794166631,1.5357853726
2020-07-03,US Dollar,0.5809836321,1.5309014246
2020-07-04,US Dollar,0.5809265901,1.5303063327
2020-07-05,US Dollar,0.5813150311,1.5301649588
2020-07-06,US Dollar,0.5785451784,1.5283750178
2020-07-07,US Dollar,0.5811523437,1.5229538351
2020-07-08,US Dollar,0.5793349481,1.5241354066
2020-07-09,US Dollar,0.5808699693,1.5236794749
2020-07-10,US Dollar,0.5814010250,1.5199834626
2020-07-11,US Dollar,0.5819271451,1.5211945994
2020-07-12,US Dollar,0.5825776039,1.5197241411
2020-07-13,US Dollar,0.5789071280,1.5197308342
2020-07-14,US Dollar,0.5725663891,1.5312193096
2020-07-15,US Dollar,0.5757554437,1.5224959832
2020-07-16,US Dollar,0.5742602238,1.5230520568
2020-07-17,US Dollar,0.5727037023,1.5266476965
2020-07-18,US Dollar,0.5737348180,1.5253774418
2020-07-19,US Dollar,0.5738449807,1.5250788953
2020-07-20,US Dollar,0.5740928842,1.5223462454
2020-07-21,US Dollar,0.5765446088,1.5091994476
2020-07-22,US Dollar,0.5753755206,1.5001305219
2020-07-23,US Dollar,0.5728128603,1.5019959628
2020-07-24,US Dollar,0.5700069543,1.5077492238
2020-07-25,US Dollar,0.5698306736,1.5059680086
2020-07-26,US Dollar,0.5701100019,1.5048869344
2020-07-27,US Dollar,0.5685914512,1.4965726888
2020-07-28,US Dollar,0.5677815621,1.5014037428
2020-07-29,US Dollar,0.5653659922,1.5029448618
2020-07-30,US Dollar,0.5631660959,1.5058588579
2020-07-31,US Dollar,0.5619178387,1.5056928972
2020-08-01,US Dollar,0.5629436645,1.5086821595
2020-08-02,US Dollar,0.5628217188,1.5083089225
2020-08-03,US Dollar,0.5616657822,1.5153871500
2020-08-04,US Dollar,0.5618179565,1.5127824526
2020-08-05,US Dollar,0.5599620025,1.5012462346
2020-08-06,US Dollar,0.5619584339,1.5020049243
2020-08-07,US Dollar,0.5610259270,1.5134994696
2020-08-08,US Dollar,0.5597981435,1.5157851894
2020-08-09,US Dollar,0.5597372152,1.5158673280
2020-08-10,US Dollar,0.5606093209,1.5173093767
2020-08-11,US Dollar,0.5587530617,1.5211189892
2020-08-12,US Dollar,0.5583738830,1.5187066934
2020-02-01,Euro,0.5826817390,1.7162027452
2020-02-02,Euro,0.5826282960,1.7163601680
2020-02-03,Euro,0.5841777575,1.7118077284
2020-02-04,Euro,0.5867063601,1.7044301339
2020-02-05,Euro,0.5885930677,1.6989666628
2020-02-06,Euro,0.5887196954,1.6986012322
2020-02-07,Euro,0.5850048729,1.7093874706
2020-02-08,Euro,0.5848014878,1.7099819697
2020-02-09,Euro,0.5849527103,1.7095399036
2020-02-10,Euro,0.5848228732,1.7099194402
2020-02-11,Euro,0.5864197488,1.7052631705
2020-02-12,Euro,0.5941738284,1.6830091670
2020-02-13,Euro,0.5938866341,1.6838230438
2020-02-14,Euro,0.5937582195,1.6841872115
2020-02-15,Euro,0.5939513741,1.6836395093
2020-02-16,Euro,0.5941028795,1.6832101551
2020-02-17,Euro,0.5940980130,1.6832239431
2020-02-18,Euro,0.5912156810,1.6914301025
2020-02-19,Euro,0.5909905348,1.6920744769
2020-02-20,Euro,0.5871427295,1.7031633874
2020-02-21,Euro,0.5850322775,1.7093073980
2020-02-22,Euro,0.5853742555,1.7083088138
2020-02-23,Euro,0.5851664622,1.7089154361
2020-02-24,Euro,0.5846437128,1.7104434344
2020-02-25,Euro,0.5819001895,1.7185077750
2020-02-26,Euro,0.5786191205,1.7282526011
2020-02-27,Euro,0.5755816793,1.7373728804
2020-02-28,Euro,0.5666218610,1.7648454265
2020-02-29,Euro,0.5666971909,1.7646108293
2020-03-01,Euro,0.5669256176,1.7638998291
2020-03-02,Euro,0.5597315445,1.7865707407
2020-03-03,Euro,0.5642136031,1.7723783945
2020-03-04,Euro,0.5639881637,1.7730868561
2020-03-05,Euro,0.5628740986,1.7765962272
2020-03-06,Euro,0.5616555908,1.7804505401
2020-03-07,Euro,0.5630627888,1.7760008650
2020-03-08,Euro,0.5627887982,1.7768655012
2020-03-09,Euro,0.5617628134,1.7801107090
2020-03-10,Euro,0.5530867408,1.8080346649
2020-03-11,Euro,0.5588654168,1.7893395619
2020-03-12,Euro,0.5499034305,1.8185011123
2020-03-13,Euro,0.5467635538,1.8289441442
2020-03-14,Euro,0.5459884984,1.8315404133
2020-03-15,Euro,0.5453576058,1.8336592162
2020-03-16,Euro,0.5482490202,1.8239886680
2020-03-17,Euro,0.5412245851,1.8476618166
2020-03-18,Euro,0.5326766421,1.8773115262
2020-03-19,Euro,0.5457455121,1.8323558834
2020-03-20,Euro,0.5348586939,1.8696526977
2020-03-21,Euro,0.5331245559,1.8757342705
2020-03-22,Euro,0.5309160640,1.8835369051
2020-03-23,Euro,0.5266177992,1.8989103700
2020-03-24,Euro,0.5369550655,1.8623532290
2020-03-25,Euro,0.5366009379,1.8635822812
2020-03-26,Euro,0.5405521421,1.8499602946
2020-03-27,Euro,0.5448417605,1.8353952881
2020-03-28,Euro,0.5416080084,1.8463537920
2020-03-29,Euro,0.5415590537,1.8465206946
2020-03-30,Euro,0.5437086810,1.8392202201
2020-03-31,Euro,0.5405527096,1.8499583525
2020-04-01,Euro,0.5433893720,1.8403009913
2020-04-02,Euro,0.5436563615,1.8393972202
2020-04-03,Euro,0.5425437468,1.8431693405
2020-04-04,Euro,0.5421410535,1.8445384158
2020-04-05,Euro,0.5427501598,1.8424683660
2020-04-06,Euro,0.5504922247,1.8165560841
2020-04-07,Euro,0.5492766044,1.8205763579
2020-04-08,Euro,0.5539579496,1.8051911714
2020-04-09,Euro,0.5547594321,1.8025831416
2020-04-10,Euro,0.5551684309,1.8012551586
2020-04-11,Euro,0.5557873739,1.7992492220
2020-04-12,Euro,0.5563683099,1.7973705229
2020-04-13,Euro,0.5579491770,1.7922779370
2020-04-14,Euro,0.5542511189,1.8042363215
2020-04-15,Euro,0.5495087121,1.8198073624
2020-04-16,Euro,0.5485179844,1.8230942803
2020-04-17,Euro,0.5542819371,1.8041360058
2020-04-18,Euro,0.5547806617,1.8025141628
2020-04-19,Euro,0.5547107604,1.8027413047
2020-04-20,Euro,0.5584988523,1.7905139750
2020-04-21,Euro,0.5484214678,1.8234151263
2020-04-22,Euro,0.5492738851,1.8205853713
2020-04-23,Euro,0.5569931170,1.7953543221
2020-04-24,Euro,0.5556676594,1.7996368567
2020-04-25,Euro,0.5560292293,1.7984666046
2020-04-26,Euro,0.5562956155,1.7976053957
2020-04-27,Euro,0.5588516303,1.7893837037
2020-04-28,Euro,0.5592514674,1.7881043830
2020-04-29,Euro,0.5624193373,1.7780327483
2020-04-30,Euro,0.5625327633,1.7776742357
2020-05-01,Euro,0.5500952162,1.8178671085
2020-05-02,Euro,0.5502339416,1.8174087862
2020-05-03,Euro,0.5509291404,1.8151154597
2020-05-04,Euro,0.5523565369,1.8104248493
2020-05-05,Euro,0.5591184218,1.7885298731
2020-05-06,Euro,0.5571295217,1.7949147569
2020-05-07,Euro,0.5626867154,1.7771878606
2020-05-08,Euro,0.5663158960,1.7657989242
2020-05-09,Euro,0.5642675605,1.7722089128
2020-05-10,Euro,0.5607482804,1.7833313717
2020-05-11,Euro,0.5613283782,1.7814884100
2020-05-12,Euro,0.5615453520,1.7808000662
2020-05-13,Euro,0.5545695181,1.8032004418
2020-05-14,Euro,0.5530262665,1.8082323762
2020-05-15,Euro,0.5480119287,1.8247777969
2020-05-16,Euro,0.5484598981,1.8232873605
2020-05-17,Euro,0.5483198600,1.8237530189
2020-05-18,Euro,0.5533642802,1.8071278466
2020-05-19,Euro,0.5577935300,1.7927780555
2020-05-20,Euro,0.5595278476,1.7872211441
2020-05-21,Euro,0.5579566100,1.7922540608
2020-05-22,Euro,0.5590994188,1.7885906626
2020-05-23,Euro,0.5591497665,1.7884296120
2020-05-24,Euro,0.5592522040,1.7881020278
2020-05-25,Euro,0.5599519684,1.7858674608
2020-05-26,Euro,0.5653460419,1.7688281616
2020-05-27,Euro,0.5621031151,1.7790330157
2020-05-28,Euro,0.5622226606,1.7786547395
2020-05-29,Euro,0.5569281132,1.7955638730
2020-05-30,Euro,0.5589508881,1.7890659470
2020-05-31,Euro,0.5586961066,1.7898818126
2020-06-01,Euro,0.5649716711,1.7700002517
2020-06-02,Euro,0.5680675800,1.7603539354
2020-06-03,Euro,0.5721891313,1.7476738813
2020-06-04,Euro,0.5697870475,1.7550416500
2020-06-05,Euro,0.5763929126,1.7349276478
2020-06-06,Euro,0.5762996315,1.7352084668
2020-06-07,Euro,0.5763681224,1.7350022686
2020-06-08,Euro,0.5790160979,1.7270676991
2020-06-09,Euro,0.5748891164,1.7394658753
2020-06-10,Euro,0.5760967930,1.7358194182
2020-06-11,Euro,0.5674727366,1.7621991957
2020-06-12,Euro,0.5712740173,1.7504734502
2020-06-13,Euro,0.5729495114,1.7453544860
2020-06-14,Euro,0.5727398558,1.7459933859
2020-06-15,Euro,0.5709748356,1.7513906702
2020-06-16,Euro,0.5727903453,1.7458394824
2020-06-17,Euro,0.5759877810,1.7361479410
2020-06-18,Euro,0.5729838850,1.7452497813
2020-06-19,Euro,0.5740286973,1.7420731831
2020-06-20,Euro,0.5732776995,1.7443553112
2020-06-21,Euro,0.5732788182,1.7443519074
2020-06-22,Euro,0.5758121623,1.7366774541
2020-06-23,Euro,0.5752724161,1.7383068822
2020-06-24,Euro,0.5689786923,1.7575350597
2020-06-25,Euro,0.5726349858,1.7463131399
2020-06-26,Euro,0.5722319253,1.7475431826
2020-06-27,Euro,0.5724807849,1.7467835191
2020-06-28,Euro,0.5724700342,1.7468163226
2020-06-29,Euro,0.5701541169,1.7539117412
2020-06-30,Euro,0.5735888008,1.7434092133
2020-07-01,Euro,0.5749343543,1.7393290077
2020-07-02,Euro,0.5794166631,1.7258737341
2020-07-03,Euro,0.5809836321,1.7212188859
2020-07-04,Euro,0.5809265901,1.7213878950
2020-07-05,Euro,0.5813150311,1.7202376448
2020-07-06,Euro,0.5785451784,1.7284734836
2020-07-07,Euro,0.5811523437,1.7207192070
2020-07-08,Euro,0.5793349481,1.7261171681
2020-07-09,Euro,0.5808699693,1.7215556886
2020-07-10,Euro,0.5814010250,1.7199832077
2020-07-11,Euro,0.5819271451,1.7184281716
2020-07-12,Euro,0.5825776039,1.7165095145
2020-07-13,Euro,0.5789071280,1.7273927919
2020-07-14,Euro,0.5725663891,1.7465223580
2020-07-15,Euro,0.5757554437,1.7368485370
2020-07-16,Euro,0.5742602238,1.7413708255
2020-07-17,Euro,0.5727037023,1.7461036064
2020-07-18,Euro,0.5737348180,1.7429655107
2020-07-19,Euro,0.5738449807,1.7426309085
2020-07-20,Euro,0.5740928842,1.7418784094
2020-07-21,Euro,0.5765446088,1.7344711662
2020-07-22,Euro,0.5753755206,1.7379953860
2020-07-23,Euro,0.5728128603,1.7457708605
2020-07-24,Euro,0.5700069543,1.7543645608
2020-07-25,Euro,0.5698306736,1.7549072844
2020-07-26,Euro,0.5701100019,1.7540474587
2020-07-27,Euro,0.5685914512,1.7587320350
2020-07-28,Euro,0.5677815621,1.7612407073
2020-07-29,Euro,0.5653659922,1.7687657443
2020-07-30,Euro,0.5631660959,1.7756750757
2020-07-31,Euro,0.5619178387,1.7796196013
2020-08-01,Euro,0.5629436645,1.7763766838
2020-08-02,Euro,0.5628217188,1.7767615688
2020-08-03,Euro,0.5616657822,1.7804182338
2020-08-04,Euro,0.5618179565,1.7799359888
2020-08-05,Euro,0.5599620025,1.7858354594
2020-08-06,Euro,0.5619584339,1.7794910435
2020-08-07,Euro,0.5610259270,1.7824488173
2020-08-08,Euro,0.5597981435,1.7863581930
2020-08-09,Euro,0.5597372152,1.7865526408
2020-08-10,Euro,0.5606093209,1.7837734101
2020-08-11,Euro,0.5587530617,1.7896993656
2020-08-12,Euro,0.5583738830,1.7909147085
2020-02-01,British Pound,0.4895156162,2.0428357482
2020-02-02,British Pound,0.4894793112,2.0429872665
2020-02-03,British Pound,0.4968474093,2.0126903779
2020-02-04,British Pound,0.4973164277,2.0107922127
2020-02-05,British Pound,0.4983066998,2.0067962168
2020-02-06,British Pound,0.4997211886,2.0011158679
2020-02-07,British Pound,0.4964647820,2.0142415662
2020-02-08,British Pound,0.4966878060,2.0133371262
2020-02-09,British Pound,0.4966609881,2.0134458394
2020-02-10,British Pound,0.4941981199,2.0234799764
2020-02-11,British Pound,0.4946168006,2.0217671512
2020-02-12,British Pound,0.4987486785,2.0050178441
2020-02-13,British Pound,0.4937193137,2.0254423359
2020-02-14,British Pound,0.4937492878,2.0253193772
2020-02-15,British Pound,0.4930965643,2.0280003400
2020-02-16,British Pound,0.4931738104,2.0276826929
2020-02-17,British Pound,0.4948849177,2.0206718051
2020-02-18,British Pound,0.4911202017,2.0361614051
2020-02-19,British Pound,0.4931949746,2.0275956804
2020-02-20,British Pound,0.4923157820,2.0312166228
2020-02-21,British Pound,0.4898117451,2.0416006968
2020-02-22,British Pound,0.4900703940,2.0405231824
2020-02-23,British Pound,0.4898228435,2.0415544382
2020-02-24,British Pound,0.4910863000,2.0363019697
2020-02-25,British Pound,0.4864348051,2.0557739485
2020-02-26,British Pound,0.4874515262,2.0514860375
2020-02-27,British Pound,0.4905715672,2.0384385621
2020-02-28,British Pound,0.4880013178,2.0491747943
2020-02-29,British Pound,0.4874513138,2.0514869315
2020-03-01,British Pound,0.4874909279,2.0513202253
2020-03-02,British Pound,0.4885061054,2.0470573222
2020-03-03,British Pound,0.4918204736,2.0332622445
2020-03-04,British Pound,0.4891089110,2.0445344126
2020-03-05,British Pound,0.4872523457,2.0523246503
2020-03-06,British Pound,0.4885466529,2.0468874242
2020-03-07,British Pound,0.4872201292,2.0524603562
2020-03-08,British Pound,0.4868967981,2.0538233234
2020-03-09,British Pound,0.4890865653,2.0446278244
2020-03-10,British Pound,0.4846324509,2.0634193977
2020-03-11,British Pound,0.4888031353,2.0458133914
2020-03-12,British Pound,0.4857718703,2.0585794712
2020-03-13,British Pound,0.4873482424,2.0519208094
2020-03-14,British Pound,0.4940178699,2.0242182743
2020-03-15,British Pound,0.4942152708,2.0234097549
2020-03-16,British Pound,0.4971215881,2.0115803134
2020-03-17,British Pound,0.4945094363,2.0222061030
2020-03-18,British Pound,0.4908069864,2.0374608099
2020-03-19,British Pound,0.4999901463,2.0000394155
2020-03-20,British Pound,0.4863956512,2.0559394344
2020-03-21,British Pound,0.4900011614,2.0408114893
2020-03-22,British Pound,0.4899469313,2.0410373781
2020-03-23,British Pound,0.4928615888,2.0289672045
2020-03-24,British Pound,0.4916526799,2.0339561665
2020-03-25,British Pound,0.4945368575,2.0220939751
2020-03-26,British Pound,0.4912942514,2.0354400590
2020-03-27,British Pound,0.4875760114,2.0509622636
2020-03-28,British Pound,0.4847779978,2.0627998889
2020-03-29,British Pound,0.4848075886,2.0626739835
2020-03-30,British Pound,0.4837767272,2.0670692569
2020-03-31,British Pound,0.4784358500,2.0901443735
2020-04-01,British Pound,0.4793021799,2.0863664761
2020-04-02,British Pound,0.4773089804,2.0950789553
2020-04-03,British Pound,0.4789092620,2.0880782215
2020-04-04,British Pound,0.4776225821,2.0937033497
2020-04-05,British Pound,0.4778725270,2.0926082660
2020-04-06,British Pound,0.4838255454,2.0668606886
2020-04-07,British Pound,0.4846700253,2.0632594298
2020-04-08,British Pound,0.4855251284,2.0596256331
2020-04-09,British Pound,0.4870654844,2.0531120190
2020-04-10,British Pound,0.4869565291,2.0535713975
2020-04-11,British Pound,0.4881860827,2.0483992384
2020-04-12,British Pound,0.4887010879,2.0462405850
2020-04-13,British Pound,0.4860320003,2.0574776958
2020-04-14,British Pound,0.4817928080,2.0755810037
2020-04-15,British Pound,0.4788254713,2.0884436185
2020-04-16,British Pound,0.4782977565,2.0907478375
2020-04-17,British Pound,0.4825489606,2.0723285752
2020-04-18,British Pound,0.4823665298,2.0731123289
2020-04-19,British Pound,0.4824293059,2.0728425651
2020-04-20,British Pound,0.4872981914,2.0521315648
2020-04-21,British Pound,0.4853296739,2.0604550962
2020-04-22,British Pound,0.4823031318,2.0733848364
2020-04-23,British Pound,0.4871475514,2.0527661426
2020-04-24,British Pound,0.4864899267,2.0555410199
2020-04-25,British Pound,0.4866619314,2.0548145138
2020-04-26,British Pound,0.4866860804,2.0547125554
2020-04-27,British Pound,0.4872762445,2.0522239928
2020-04-28,British Pound,0.4873104680,2.0520798664
2020-04-29,British Pound,0.4911387417,2.0360845420
2020-04-30,British Pound,0.4879216528,2.0495093716
2020-05-01,British Pound,0.4836186768,2.0677447913
2020-05-02,British Pound,0.4851688196,2.0611382256
2020-05-03,British Pound,0.4855366838,2.0595766155
2020-05-04,British Pound,0.4847784619,2.0627979140
2020-05-05,British Pound,0.4871512284,2.0527506484
2020-05-06,British Pound,0.4874187324,2.0516240628
2020-05-07,British Pound,0.4927237182,2.0295349360
2020-05-08,British Pound,0.4943663807,2.0227912720
2020-05-09,British Pound,0.4946189797,2.0217582445
2020-05-10,British Pound,0.4946478688,2.0216401668
2020-05-11,British Pound,0.4921917567,2.0317284604
2020-05-12,British Pound,0.4961017255,2.0157156255
2020-05-13,British Pound,0.4915738820,2.0342822037
2020-05-14,British Pound,0.4897435889,2.0418848205
2020-05-15,British Pound,0.4888096405,2.0457861652
2020-05-16,British Pound,0.4902349519,2.0398382369
2020-05-17,British Pound,0.4902416642,2.0398103078
2020-05-18,British Pound,0.4943840725,2.0227188852
2020-05-19,British Pound,0.4979119678,2.0083871541
2020-05-20,British Pound,0.5014398095,1.9942572990
2020-05-21,British Pound,0.4998906316,2.0004375691
2020-05-22,British Pound,0.5002388608,1.9990450132
2020-05-23,British Pound,0.5009780406,1.9960954753
2020-05-24,British Pound,0.5012090947,1.9951752883
2020-05-25,British Pound,0.5002968606,1.9988132620
2020-05-26,British Pound,0.5027845721,1.9889233988
2020-05-27,British Pound,0.5040924648,1.9837630392
2020-05-28,British Pound,0.5049018357,1.9805830148
2020-05-29,British Pound,0.5021326441,1.9915056544
2020-05-30,British Pound,0.5026474006,1.9894661722
2020-05-31,British Pound,0.5025794994,1.9897349599
2020-06-01,British Pound,0.5039454035,1.9843419406
2020-06-02,British Pound,0.5062121448,1.9754563582
2020-06-03,British Pound,0.5107927200,1.9577412929
2020-06-04,British Pound,0.5118483404,1.9537037068
2020-06-05,British Pound,0.5125822308,1.9509064887
2020-06-06,British Pound,0.5135822030,1.9471079686
2020-06-07,British Pound,0.5137583596,1.9464403474
2020-06-08,British Pound,0.5152861461,1.9406692913
2020-06-09,British Pound,0.5124445838,1.9514305187
2020-06-10,British Pound,0.5127649995,1.9502111121
2020-06-11,British Pound,0.5111063917,1.9565398052
2020-06-12,British Pound,0.5131705126,1.9486700336
2020-06-13,British Pound,0.5141744698,1.9448651356
2020-06-14,British Pound,0.5138681108,1.9460246296
2020-06-15,British Pound,0.5130133276,1.9492670973
2020-06-16,British Pound,0.5124690699,1.9513372780
2020-06-17,British Pound,0.5158647206,1.9384927094
2020-06-18,British Pound,0.5170909900,1.9338956185
2020-06-19,British Pound,0.5194173146,1.9252342420
2020-06-20,British Pound,0.5189337475,1.9270282668
2020-06-21,British Pound,0.5189123900,1.9271075797
2020-06-22,British Pound,0.5209253659,1.9196607910
2020-06-23,British Pound,0.5198594217,1.9235969537
2020-06-24,British Pound,0.5158902962,1.9383966076
2020-06-25,British Pound,0.5178833524,1.9309367552
2020-06-26,British Pound,0.5202336481,1.9222132278
2020-06-27,British Pound,0.5205440947,1.9210668418
2020-06-28,British Pound,0.5205388806,1.9210860845
2020-06-29,British Pound,0.5220170434,1.9156462659
2020-06-30,British Pound,0.5210063371,1.9193624508
2020-07-01,British Pound,0.5189089413,1.9271203876
2020-07-02,British Pound,0.5221865248,1.9150245220
2020-07-03,British Pound,0.5240531962,1.9082032269
2020-07-04,British Pound,0.5234556792,1.9103814130
2020-07-05,British Pound,0.5234794183,1.9102947797
2020-07-06,British Pound,0.5241154379,1.9079766168
2020-07-07,British Pound,0.5223498722,1.9144256623
2020-07-08,British Pound,0.5213186941,1.9182124319
2020-07-09,British Pound,0.5202464817,1.9221658103
2020-07-10,British Pound,0.5200179846,1.9230104142
2020-07-11,British Pound,0.5208325797,1.9200027780
2020-07-12,British Pound,0.5213104176,1.9182428862
2020-07-13,British Pound,0.5216978748,1.9168182360
2020-07-14,British Pound,0.5205932193,1.9208855647
2020-07-15,British Pound,0.5218135563,1.9163932941
2020-07-16,British Pound,0.5202853407,1.9220222477
2020-07-17,British Pound,0.5220218537,1.9156286140
2020-07-18,British Pound,0.5216122280,1.9171329702
2020-07-19,British Pound,0.5218002280,1.9164422442
2020-07-20,British Pound,0.5190059148,1.9267603153
2020-07-21,British Pound,0.5203670607,1.9217204075
2020-07-22,British Pound,0.5237170141,1.9094281321
2020-07-23,British Pound,0.5219670981,1.9158295680
2020-07-24,British Pound,0.5186614348,1.9280400138
2020-07-25,British Pound,0.5190121932,1.9267370076
2020-07-26,British Pound,0.5194496516,1.9251143915
2020-07-27,British Pound,0.5184630801,1.9287776477
2020-07-28,British Pound,0.5144722576,1.9437394053
2020-07-29,British Pound,0.5128529412,1.9498766990
2020-07-30,British Pound,0.5093802058,1.9631701204
2020-07-31,British Pound,0.5058875718,1.9767237933
2020-08-01,British Pound,0.5065906347,1.9739804322
2020-08-02,British Pound,0.5066596840,1.9737114115
2020-08-03,British Pound,0.5056361489,1.9777067012
2020-08-04,British Pound,0.5061886159,1.9755481823
2020-08-05,British Pound,0.5069086107,1.9727421845
2020-08-06,British Pound,0.5065383332,1.9741842512
2020-08-07,British Pound,0.5066430332,1.9737762771
2020-08-08,British Pound,0.5053572604,1.9787981262
2020-08-09,British Pound,0.5053548665,1.9788074999
2020-08-10,British Pound,0.5038971382,1.9845320090
2020-08-11,British Pound,0.5027823794,1.9889320729
2020-08-12,British Pound,0.5047290896,1.9812608794
2020-02-01,Australian Dollar,0.9658689562,1.0353371372
2020-02-02,Australian Dollar,0.9656643586,1.0355564965
2020-02-03,Australian Dollar,0.9663550354,1.0348163598
2020-02-04,Australian Dollar,0.9624830874,1.0389792954
2020-02-05,Australian Dollar,0.9599305972,1.0417419790
2020-02-06,Australian Dollar,0.9591760479,1.0425614799
2020-02-07,Australian Dollar,0.9591291753,1.0426124299
2020-02-08,Australian Dollar,0.9591116548,1.0426314756
2020-02-09,Australian Dollar,0.9591727949,1.0425650157
2020-02-10,Australian Dollar,0.9564204676,1.0455652445
2020-02-11,Australian Dollar,0.9538836453,1.0483458910
2020-02-12,Australian Dollar,0.9594318679,1.0422834945
2020-02-13,Australian Dollar,0.9575331277,1.0443502904
2020-02-14,Australian Dollar,0.9579523837,1.0438932216
2020-02-15,Australian Dollar,0.9582958797,1.0435190437
2020-02-16,Australian Dollar,0.9582672163,1.0435502571
2020-02-17,Australian Dollar,0.9582441962,1.0435753266
2020-02-18,Australian Dollar,0.9553569298,1.0467292053
2020-02-19,Australian Dollar,0.9559136608,1.0461195828
2020-02-20,Australian Dollar,0.9577682844,1.0440938756
2020-02-21,Australian Dollar,0.9575288810,1.0443549222
2020-02-22,Australian Dollar,0.9585052556,1.0432910974
2020-02-23,Australian Dollar,0.9583388866,1.0434722142
2020-02-24,Australian Dollar,0.9598317920,1.0418492160
2020-02-25,Australian Dollar,0.9587090135,1.0430693630
2020-02-26,Australian Dollar,0.9608981566,1.0406930153
2020-02-27,Australian Dollar,0.9600513024,1.0416110030
2020-02-28,Australian Dollar,0.9596374853,1.0420601689
2020-02-29,Australian Dollar,0.9591963003,1.0425394673
2020-03-01,Australian Dollar,0.9583850190,1.0434219861
2020-03-02,Australian Dollar,0.9582438147,1.0435757421
2020-03-03,Australian Dollar,0.9532411679,1.0490524682
2020-03-04,Australian Dollar,0.9499444431,1.0526931414
2020-03-05,Australian Dollar,0.9554829782,1.0465911197
2020-03-06,Australian Dollar,0.9580836052,1.0437502474
2020-03-07,Australian Dollar,0.9565833966,1.0453871597
2020-03-08,Australian Dollar,0.9555261641,1.0465438180
2020-03-09,Australian Dollar,0.9628749514,1.0385564590
2020-03-10,Australian Dollar,0.9662325380,1.0349475521
2020-03-11,Australian Dollar,0.9681740880,1.0328720965
2020-03-12,Australian Dollar,0.9713943000,1.0294480830
2020-03-13,Australian Dollar,0.9830279995,1.0172650224
2020-03-14,Australian Dollar,0.9815852275,1.0187602381
2020-03-15,Australian Dollar,0.9852516501,1.0149691197
2020-03-16,Australian Dollar,0.9953911421,1.0046301978
2020-03-17,Australian Dollar,0.9947564833,1.0052711561
2020-03-18,Australian Dollar,0.9921509214,1.0079111741
2020-03-19,Australian Dollar,0.9947202072,1.0053078170
2020-03-20,Australian Dollar,0.9823328361,1.0179849062
2020-03-21,Australian Dollar,0.9852309804,1.0149904134
2020-03-22,Australian Dollar,0.9864366651,1.0137498284
2020-03-23,Australian Dollar,0.9858270260,1.0143767351
2020-03-24,Australian Dollar,0.9767565481,1.0237965662
2020-03-25,Australian Dollar,0.9749889274,1.0256526735
2020-03-26,Australian Dollar,0.9851405172,1.0150836176
2020-03-27,Australian Dollar,0.9823048492,1.0180139096
2020-03-28,Australian Dollar,0.9792805922,1.0211577846
2020-03-29,Australian Dollar,0.9799344810,1.0204763884
2020-03-30,Australian Dollar,0.9749915650,1.0256498988
2020-03-31,Australian Dollar,0.9704147956,1.0304871736
2020-04-01,Australian Dollar,0.9730005467,1.0277486517
2020-04-02,Australian Dollar,0.9769607574,1.0235825671
2020-04-03,Australian Dollar,0.9756932535,1.0249122831
2020-04-04,Australian Dollar,0.9774624465,1.0230572066
2020-04-05,Australian Dollar,0.9778220787,1.0226809373
2020-04-06,Australian Dollar,0.9760543104,1.0245331528
2020-04-07,Australian Dollar,0.9669919502,1.0341347721
2020-04-08,Australian Dollar,0.9667961483,1.0343442118
2020-04-09,Australian Dollar,0.9611433723,1.0404275042
2020-04-10,Australian Dollar,0.9578751114,1.0439774330
2020-04-11,Australian Dollar,0.9573413786,1.0445594668
2020-04-12,Australian Dollar,0.9585142247,1.0432813351
2020-04-13,Australian Dollar,0.9535551899,1.0487069973
2020-04-14,Australian Dollar,0.9472727786,1.0556621309
2020-04-15,Australian Dollar,0.9475109383,1.0553967871
2020-04-16,Australian Dollar,0.9436886691,1.0596715132
2020-04-17,Australian Dollar,0.9492489196,1.0534644595
2020-04-18,Australian Dollar,0.9483895510,1.0544190401
2020-04-19,Australian Dollar,0.9473622724,1.0555624064
2020-04-20,Australian Dollar,0.9512576549,1.0512398978
2020-04-21,Australian Dollar,0.9482441245,1.0545807500
2020-04-22,Australian Dollar,0.9413739546,1.0622771058
2020-04-23,Australian Dollar,0.9431335784,1.0602951935
2020-04-24,Australian Dollar,0.9411906938,1.0624839436
2020-04-25,Australian Dollar,0.9413717480,1.0622795959
2020-04-26,Australian Dollar,0.9423103556,1.0612214905
2020-04-27,Australian Dollar,0.9368745880,1.0673787215
2020-04-28,Australian Dollar,0.9328689565,1.0719619224
2020-04-29,Australian Dollar,0.9336839601,1.0710262174
2020-04-30,Australian Dollar,0.9426525382,1.0608362673
2020-05-01,Australian Dollar,0.9424483406,1.0610661157
2020-05-02,Australian Dollar,0.9441203349,1.0591870157
2020-05-03,Australian Dollar,0.9452841851,1.0578829263
2020-05-04,Australian Dollar,0.9400027532,1.0638266713
2020-05-05,Australian Dollar,0.9391630700,1.0647778133
2020-05-06,Australian Dollar,0.9381350254,1.0659446380
2020-05-07,Australian Dollar,0.9362397917,1.0681024336
2020-05-08,Australian Dollar,0.9394406529,1.0644631962
2020-05-09,Australian Dollar,0.9396232294,1.0642563623
2020-05-10,Australian Dollar,0.9403995065,1.0633778443
2020-05-11,Australian Dollar,0.9364723526,1.0678371841
2020-05-12,Australian Dollar,0.9374226551,1.0667546752
2020-05-13,Australian Dollar,0.9298623289,1.0754280165
2020-05-14,Australian Dollar,0.9299408957,1.0753371582
2020-05-15,Australian Dollar,0.9249742382,1.0811111907
2020-05-16,Australian Dollar,0.9250169056,1.0810613233
2020-05-17,Australian Dollar,0.9251042863,1.0809592117
2020-05-18,Australian Dollar,0.9268237427,1.0789538010
2020-05-19,Australian Dollar,0.9294281857,1.0759303573
2020-05-20,Australian Dollar,0.9308296248,1.0743104575
2020-05-21,Australian Dollar,0.9316771693,1.0733331598
2020-05-22,Australian Dollar,0.9331427628,1.0716473833
2020-05-23,Australian Dollar,0.9325775802,1.0722968483
2020-05-24,Australian Dollar,0.9331829549,1.0716012276
2020-05-25,Australian Dollar,0.9319117723,1.0730629548
2020-05-26,Australian Dollar,0.9337167939,1.0709885551
2020-05-27,Australian Dollar,0.9356431834,1.0687835040
2020-05-28,Australian Dollar,0.9339526249,1.0707181214
2020-05-29,Australian Dollar,0.9316320606,1.0733851294
2020-05-30,Australian Dollar,0.9310499140,1.0740562723
2020-05-31,Australian Dollar,0.9302388322,1.0749927496
2020-06-01,Australian Dollar,0.9263107009,1.0795513849
2020-06-02,Australian Dollar,0.9231991007,1.0831899633
2020-06-03,Australian Dollar,0.9261490021,1.0797398666
2020-06-04,Australian Dollar,0.9290378862,1.0763823681
2020-06-05,Australian Dollar,0.9326586499,1.0722036408
2020-06-06,Australian Dollar,0.9339452029,1.0707266303
2020-06-07,Australian Dollar,0.9340250817,1.0706350606
2020-06-08,Australian Dollar,0.9351557476,1.0693405912
2020-06-09,Australian Dollar,0.9370592388,1.0671683908
2020-06-10,Australian Dollar,0.9342254188,1.0704054716
2020-06-11,Australian Dollar,0.9377555078,1.0663760348
2020-06-12,Australian Dollar,0.9382173588,1.0658510959
2020-06-13,Australian Dollar,0.9391664361,1.0647739970
2020-06-14,Australian Dollar,0.9397159121,1.0641513963
2020-06-15,Australian Dollar,0.9391815523,1.0647568594
2020-06-16,Australian Dollar,0.9369589822,1.0672825801
2020-06-17,Australian Dollar,0.9370014521,1.0672342052
2020-06-18,Australian Dollar,0.9386528603,1.0653565789
2020-06-19,Australian Dollar,0.9368846267,1.0673672846
2020-06-20,Australian Dollar,0.9375199312,1.0666439899
2020-06-21,Australian Dollar,0.9375326004,1.0666295760
2020-06-22,Australian Dollar,0.9392212752,1.0647118271
2020-06-23,Australian Dollar,0.9368138774,1.0674478935
2020-06-24,Australian Dollar,0.9332028809,1.0715783464
2020-06-25,Australian Dollar,0.9355745696,1.0688618872
2020-06-26,Australian Dollar,0.9355184679,1.0689259852
2020-06-27,Australian Dollar,0.9358795767,1.0685135405
2020-06-28,Australian Dollar,0.9354756748,1.0689748830
2020-06-29,Australian Dollar,0.9354112778,1.0690484750
2020-06-30,Australian Dollar,0.9353140864,1.0691595631
2020-07-01,Australian Dollar,0.9358996454,1.0684906281
2020-07-02,Australian Dollar,0.9411478264,1.0625323375
2020-07-03,Australian Dollar,0.9412133854,1.0624583283
2020-07-04,Australian Dollar,0.9410294580,1.0626659893
2020-07-05,Australian Dollar,0.9415388782,1.0620910333
2020-07-06,Australian Dollar,0.9383169296,1.0657379915
2020-07-07,Australian Dollar,0.9419766634,1.0615974247
2020-07-08,Australian Dollar,0.9420063406,1.0615639799
2020-07-09,Australian Dollar,0.9432545582,1.0601592023
2020-07-10,Australian Dollar,0.9456494739,1.0574742837
2020-07-11,Australian Dollar,0.9459494874,1.0571388994
2020-07-12,Australian Dollar,0.9466347476,1.0563736462
2020-07-13,Australian Dollar,0.9424747293,1.0610364066
2020-07-14,Australian Dollar,0.9370904994,1.0671327909
2020-07-15,Australian Dollar,0.9377396391,1.0663940803
2020-07-16,Australian Dollar,0.9367875383,1.0674779063
2020-07-17,Australian Dollar,0.9367024797,1.0675748401
2020-07-18,Australian Dollar,0.9370678849,1.0671585444
2020-07-19,Australian Dollar,0.9371386014,1.0670780166
2020-07-20,Australian Dollar,0.9373704134,1.0668141278
2020-07-21,Australian Dollar,0.9321583550,1.0727790987
2020-07-22,Australian Dollar,0.9329024846,1.0719233966
2020-07-23,Australian Dollar,0.9330664224,1.0717350619
2020-07-24,Australian Dollar,0.9349593210,1.0695652501
2020-07-25,Australian Dollar,0.9346831403,1.0698812859
2020-07-26,Australian Dollar,0.9355416995,1.0688994414
2020-07-27,Australian Dollar,0.9367594574,1.0675099057
2020-07-28,Australian Dollar,0.9301483533,1.0750973180
2020-07-29,Australian Dollar,0.9282814093,1.0772595357
2020-07-30,Australian Dollar,0.9302152745,1.0750199737
2020-07-31,Australian Dollar,0.9280548738,1.0775224916
2020-08-01,Australian Dollar,0.9281808615,1.0773762329
2020-08-02,Australian Dollar,0.9282223339,1.0773280964
2020-08-03,Australian Dollar,0.9286891803,1.0767865301
2020-08-04,Australian Dollar,0.9244679786,1.0817032317
2020-08-05,Australian Dollar,0.9233189268,1.0830493895
2020-08-06,Australian Dollar,0.9216007032,1.0850686165
2020-08-07,Australian Dollar,0.9223497812,1.0841873878
2020-08-08,Australian Dollar,0.9216759823,1.0849799921
2020-08-09,Australian Dollar,0.9216472859,1.0850137741
2020-08-10,Australian Dollar,0.9204110950,1.0864710405
2020-08-11,Australian Dollar,0.9189937402,1.0881466938
2020-08-12,Australian Dollar,0.9189445698,1.0882049178
2020-02-01,Japanese Yen,70.0474198388,0.0142760433
2020-02-02,Japanese Yen,70.0498909711,0.0142755397
2020-02-03,Japanese Yen,70.1657060619,0.0142519766
2020-02-04,Japanese Yen,70.8859794284,0.0141071621
2020-02-05,Japanese Yen,71.0839430213,0.0140678746
2020-02-06,Japanese Yen,71.0226470269,0.0140800159
2020-02-07,Japanese Yen,70.3320430982,0.0142182703
2020-02-08,Japanese Yen,70.2755619218,0.0142296977
2020-02-09,Japanese Yen,70.2503718551,0.0142348001
2020-02-10,Japanese Yen,70.0762268714,0.0142701747
2020-02-11,Japanese Yen,70.2825503969,0.0142282828
2020-02-12,Japanese Yen,71.1886302971,0.0140471870
2020-02-13,Japanese Yen,70.7563204724,0.0141330130
2020-02-14,Japanese Yen,70.6474330163,0.0141547960
2020-02-15,Japanese Yen,70.6272951514,0.0141588319
2020-02-16,Japanese Yen,70.6303899584,0.0141582115
2020-02-17,Japanese Yen,70.7691397923,0.0141304529
2020-02-18,Japanese Yen,70.2021445673,0.0142445791
2020-02-19,Japanese Yen,70.9125886099,0.0141018685
2020-02-20,Japanese Yen,70.9215152531,0.0141000936
2020-02-21,Japanese Yen,70.9725753331,0.0140899495
2020-02-22,Japanese Yen,70.8673086912,0.0141108787
2020-02-23,Japanese Yen,70.8133688880,0.0141216273
2020-02-24,Japanese Yen,70.1768530818,0.0142497128
2020-02-25,Japanese Yen,69.7061652940,0.0143459333
2020-02-26,Japanese Yen,69.5271764633,0.0143828651
2020-02-27,Japanese Yen,69.5956025948,0.0143687239
2020-02-28,Japanese Yen,67.3984293373,0.0148371410
2020-02-29,Japanese Yen,67.5452210543,0.0148048964
2020-03-01,Japanese Yen,67.5546585527,0.0148028281
2020-03-02,Japanese Yen,67.5081663216,0.0148130227
2020-03-03,Japanese Yen,67.6504189184,0.0147818745
2020-03-04,Japanese Yen,67.3763303307,0.0148420075
2020-03-05,Japanese Yen,67.1781444427,0.0148857937
2020-03-06,Japanese Yen,66.8985164199,0.0149480146
2020-03-07,Japanese Yen,66.9618793964,0.0149338700
2020-03-08,Japanese Yen,66.9169508711,0.0149438967
2020-03-09,Japanese Yen,65.7761877013,0.0152030702
2020-03-10,Japanese Yen,65.1365686956,0.0153523592
2020-03-11,Japanese Yen,66.0529888211,0.0151393604
2020-03-12,Japanese Yen,64.4156760785,0.0155241715
2020-03-13,Japanese Yen,64.9178301209,0.0154040885
2020-03-14,Japanese Yen,65.4972600674,0.0152678142
2020-03-15,Japanese Yen,65.4616554988,0.0152761184
2020-03-16,Japanese Yen,64.5675961482,0.0154876449
2020-03-17,Japanese Yen,63.7911237630,0.0156761622
2020-03-18,Japanese Yen,62.6082286685,0.0159723414
2020-03-19,Japanese Yen,64.4081533149,0.0155259847
2020-03-20,Japanese Yen,63.5621328562,0.0157326376
2020-03-21,Japanese Yen,63.3283461171,0.0157907171
2020-03-22,Japanese Yen,63.3575115194,0.0157834482
2020-03-23,Japanese Yen,63.0705542542,0.0158552594
2020-03-24,Japanese Yen,64.5849293262,0.0154834883
2020-03-25,Japanese Yen,64.7554342833,0.0154427194
2020-03-26,Japanese Yen,65.1884409940,0.0153401429
2020-03-27,Japanese Yen,65.1222878173,0.0153557259
2020-03-28,Japanese Yen,65.1479147674,0.0153496855
2020-03-29,Japanese Yen,65.1550101368,0.0153480139
2020-03-30,Japanese Yen,64.7388378247,0.0154466783
2020-03-31,Japanese Yen,64.0555165209,0.0156114579
2020-04-01,Japanese Yen,63.6031932544,0.0157224810
2020-04-02,Japanese Yen,63.7138002269,0.0156951869
2020-04-03,Japanese Yen,63.5582376908,0.0157336018
2020-04-04,Japanese Yen,63.5661617418,0.0157316404
2020-04-05,Japanese Yen,63.6125256816,0.0157201744
2020-04-06,Japanese Yen,64.9099499847,0.0154059586
2020-04-07,Japanese Yen,65.1916727511,0.0153393824
2020-04-08,Japanese Yen,65.4070923281,0.0152888619
2020-04-09,Japanese Yen,65.7255623193,0.0152147804
2020-04-10,Japanese Yen,65.8848233920,0.0151780023
2020-04-11,Japanese Yen,65.8889183761,0.0151770590
2020-04-12,Japanese Yen,65.9240116131,0.0151689798
2020-04-13,Japanese Yen,65.4643081430,0.0152754994
2020-04-14,Japanese Yen,65.0972504319,0.0153616319
2020-04-15,Japanese Yen,64.4182459011,0.0155235522
2020-04-16,Japanese Yen,64.0570284750,0.0156110894
2020-04-17,Japanese Yen,64.8536638510,0.0154193293
2020-04-18,Japanese Yen,64.8904115074,0.0154105973
2020-04-19,Japanese Yen,64.8624731160,0.0154172351
2020-04-20,Japanese Yen,65.4162802758,0.0152867145
2020-04-21,Japanese Yen,64.1115033057,0.0155978249
2020-04-22,Japanese Yen,64.1190221364,0.0155959958
2020-04-23,Japanese Yen,64.8522992426,0.0154196538
2020-04-24,Japanese Yen,64.4737266119,0.0155101939
2020-04-25,Japanese Yen,64.7143170882,0.0154525311
2020-04-26,Japanese Yen,64.6971805309,0.0154566241
2020-04-27,Japanese Yen,64.8916546318,0.0154103021
2020-04-28,Japanese Yen,64.7733252867,0.0154384540
2020-04-29,Japanese Yen,65.1134526401,0.0153578095
2020-04-30,Japanese Yen,65.7992337123,0.0151977454
2020-05-01,Japanese Yen,64.6001329758,0.0154798443
2020-05-02,Japanese Yen,64.8157328964,0.0154283529
2020-05-03,Japanese Yen,64.8478944129,0.0154207012
2020-05-04,Japanese Yen,64.3605335937,0.0155374722
2020-05-05,Japanese Yen,64.5981964393,0.0154803084
2020-05-06,Japanese Yen,63.8487513289,0.0156620134
2020-05-07,Japanese Yen,64.7049407538,0.0154547704
2020-05-08,Japanese Yen,65.4634468746,0.0152757004
2020-05-09,Japanese Yen,65.4380109807,0.0152816381
2020-05-10,Japanese Yen,65.4607787983,0.0152763230
2020-05-11,Japanese Yen,65.3520247293,0.0153017447
2020-05-12,Japanese Yen,65.4670797293,0.0152748527
2020-05-13,Japanese Yen,64.2553001638,0.0155629185
2020-05-14,Japanese Yen,63.9526380099,0.0156365715
2020-05-15,Japanese Yen,63.5962326723,0.0157242019
2020-05-16,Japanese Yen,63.5615519539,0.0157327814
2020-05-17,Japanese Yen,63.5300799629,0.0157405752
2020-05-18,Japanese Yen,64.7067392574,0.0154543408
2020-05-19,Japanese Yen,65.8189563038,0.0151931914
2020-05-20,Japanese Yen,66.0103214963,0.0151491460
2020-05-21,Japanese Yen,65.8247831949,0.0151918465
2020-05-22,Japanese Yen,65.4781061620,0.0152722804
2020-05-23,Japanese Yen,65.6096530504,0.0152416596
2020-05-24,Japanese Yen,65.6329690590,0.0152362451
2020-05-25,Japanese Yen,65.7171545584,0.0152167270
2020-05-26,Japanese Yen,66.7631717084,0.0149783178
2020-05-27,Japanese Yen,66.4408598087,0.0150509792
2020-05-28,Japanese Yen,66.9833558032,0.0149290818
2020-05-29,Japanese Yen,66.6749134448,0.0149981447
2020-05-30,Japanese Yen,66.9275220532,0.0149415363
2020-05-31,Japanese Yen,66.8529207281,0.0149582096
2020-06-01,Japanese Yen,67.6002914701,0.0147928356
2020-06-02,Japanese Yen,68.8775212377,0.0145185248
2020-06-03,Japanese Yen,70.0633142670,0.0142728047
2020-06-04,Japanese Yen,70.3108873166,0.0142225484
2020-06-05,Japanese Yen,71.4067312823,0.0140042820
2020-06-06,Japanese Yen,71.3043245857,0.0140243948
2020-06-07,Japanese Yen,71.3309971485,0.0140191507
2020-06-08,Japanese Yen,70.9243517927,0.0140995296
2020-06-09,Japanese Yen,70.2478552336,0.0142353101
2020-06-10,Japanese Yen,70.1402151307,0.0142571562
2020-06-11,Japanese Yen,68.8656075178,0.0145210365
2020-06-12,Japanese Yen,69.0147864265,0.0144896485
2020-06-13,Japanese Yen,69.2473388990,0.0144409881
2020-06-14,Japanese Yen,69.2161016806,0.0144475054
2020-06-15,Japanese Yen,69.0620481788,0.0144797327
2020-06-16,Japanese Yen,69.2197797276,0.0144467377
2020-06-17,Japanese Yen,69.3155323007,0.0144267809
2020-06-18,Japanese Yen,68.6085621559,0.0145754403
2020-06-19,Japanese Yen,68.6451879559,0.0145676635
2020-06-20,Japanese Yen,68.4851270710,0.0146017105
2020-06-21,Japanese Yen,68.4803924070,0.0146027201
2020-06-22,Japanese Yen,69.2790259805,0.0144343831
2020-06-23,Japanese Yen,69.3182117830,0.0144262233
2020-06-24,Japanese Yen,68.5254191824,0.0145931249
2020-06-25,Japanese Yen,68.8750847984,0.0145190384
2020-06-26,Japanese Yen,68.7931145508,0.0145363385
2020-06-27,Japanese Yen,68.8525624361,0.0145237877
2020-06-28,Japanese Yen,68.8468574025,0.0145249912
2020-06-29,Japanese Yen,69.0240392060,0.0144877062
2020-06-30,Japanese Yen,69.4572375748,0.0143973477
2020-07-01,Japanese Yen,69.5906135244,0.0143697540
2020-07-02,Japanese Yen,70.0252545375,0.0142805622
2020-07-03,Japanese Yen,70.2360843339,0.0142376958
2020-07-04,Japanese Yen,70.2392918339,0.0142370456
2020-07-05,Japanese Yen,70.2077892640,0.0142434338
2020-07-06,Japanese Yen,70.3295068239,0.0142187831
2020-07-07,Japanese Yen,70.6045020940,0.0141634028
2020-07-08,Japanese Yen,70.4711906576,0.0141901959
2020-07-09,Japanese Yen,70.3947907956,0.0142055966
2020-07-10,Japanese Yen,70.2435862399,0.0142361752
2020-07-11,Japanese Yen,70.2699892576,0.0142308261
2020-07-12,Japanese Yen,70.3217774743,0.0142203459
2020-07-13,Japanese Yen,70.5519386369,0.0141739550
2020-07-14,Japanese Yen,70.0209127570,0.0142814477
2020-07-15,Japanese Yen,70.2207674664,0.0142408013
2020-07-16,Japanese Yen,70.2920744310,0.0142263549
2020-07-17,Japanese Yen,70.1389718965,0.0142574089
2020-07-18,Japanese Yen,70.1627444412,0.0142525782
2020-07-19,Japanese Yen,70.1768485611,0.0142497137
2020-07-20,Japanese Yen,70.4310292119,0.0141982875
2020-07-21,Japanese Yen,70.7804974706,0.0141281855
2020-07-22,Japanese Yen,71.4491504567,0.0139959677
2020-07-23,Japanese Yen,71.1317273461,0.0140584242
2020-07-24,Japanese Yen,70.1666012762,0.0142517948
2020-07-25,Japanese Yen,70.4783380175,0.0141887568
2020-07-26,Japanese Yen,70.5769919238,0.0141689235
2020-07-27,Japanese Yen,70.3561353400,0.0142134015
2020-07-28,Japanese Yen,69.9593183465,0.0142940215
2020-07-29,Japanese Yen,69.9171725438,0.0143026379
2020-07-30,Japanese Yen,69.7619997508,0.0143344515
2020-07-31,Japanese Yen,70.2494021998,0.0142349966
2020-08-01,Japanese Yen,70.1961592044,0.0142457937
2020-08-02,Japanese Yen,70.2047454047,0.0142440514
2020-08-03,Japanese Yen,70.0268588692,0.0142802350
2020-08-04,Japanese Yen,69.9900043703,0.0142877545
2020-08-05,Japanese Yen,70.2492327453,0.0142350309
2020-08-06,Japanese Yen,70.2570003050,0.0142334571
2020-08-07,Japanese Yen,69.9819143726,0.0142894062
2020-08-08,Japanese Yen,69.8736348428,0.0143115497
2020-08-09,Japanese Yen,69.8727444143,0.0143117321
2020-08-10,Japanese Yen,69.7681953231,0.0143331785
2020-08-11,Japanese Yen,70.0560747930,0.0142742796
2020-08-12,Japanese Yen,70.3605847691,0.0142125027
2020-02-01,Chinese Yuan Renminbi,4.4833771607,0.2230461467
2020-02-02,Chinese Yuan Renminbi,4.4835207502,0.2230390034
2020-02-03,Chinese Yuan Renminbi,4.5372965366,0.2203955576
2020-02-04,Chinese Yuan Renminbi,4.5340575101,0.2205530031
2020-02-05,Chinese Yuan Renminbi,4.5175810721,0.2213573999
2020-02-06,Chinese Yuan Renminbi,4.5049200756,0.2219795209
2020-02-07,Chinese Yuan Renminbi,4.4848839082,0.2229712118
2020-02-08,Chinese Yuan Renminbi,4.4816913625,0.2231300460
2020-02-09,Chinese Yuan Renminbi,4.4819112612,0.2231190985
2020-02-10,Chinese Yuan Renminbi,4.4582891313,0.2243012892
2020-02-11,Chinese Yuan Renminbi,4.4592830498,0.2242512953
2020-02-12,Chinese Yuan Renminbi,4.5119429243,0.2216340093
2020-02-13,Chinese Yuan Renminbi,4.4959932353,0.2224202635
2020-02-14,Chinese Yuan Renminbi,4.4965649288,0.2223919850
2020-02-15,Chinese Yuan Renminbi,4.4949263090,0.2224730577
2020-02-16,Chinese Yuan Renminbi,4.4955286985,0.2224432469
2020-02-17,Chinese Yuan Renminbi,4.4949165269,0.2224735418
2020-02-18,Chinese Yuan Renminbi,4.4730313760,0.2235620357
2020-02-19,Chinese Yuan Renminbi,4.4637268134,0.2240280469
2020-02-20,Chinese Yuan Renminbi,4.4521276390,0.2246117095
2020-02-21,Chinese Yuan Renminbi,4.4631595052,0.2240565229
2020-02-22,Chinese Yuan Renminbi,4.4624740934,0.2240909368
2020-02-23,Chinese Yuan Renminbi,4.4599733065,0.2242165886
2020-02-24,Chinese Yuan Renminbi,4.4614680223,0.2241414698
2020-02-25,Chinese Yuan Renminbi,4.4469356959,0.2248739510
2020-02-26,Chinese Yuan Renminbi,4.4335041009,0.2255552216
2020-02-27,Chinese Yuan Renminbi,4.4260990514,0.2259325850
2020-02-28,Chinese Yuan Renminbi,4.3590801330,0.2294061980
2020-02-29,Chinese Yuan Renminbi,4.3691767063,0.2288760714
2020-03-01,Chinese Yuan Renminbi,4.3693850545,0.2288651578
2020-03-02,Chinese Yuan Renminbi,4.3655362360,0.2290669338
2020-03-03,Chinese Yuan Renminbi,4.3893671508,0.2278232751
2020-03-04,Chinese Yuan Renminbi,4.3537218618,0.2296885359
2020-03-05,Chinese Yuan Renminbi,4.3746145122,0.2285915701
2020-03-06,Chinese Yuan Renminbi,4.4061065211,0.2269577449
2020-03-07,Chinese Yuan Renminbi,4.4052251106,0.2270031553
2020-03-08,Chinese Yuan Renminbi,4.4036356739,0.2270850892
2020-03-09,Chinese Yuan Renminbi,4.4578136311,0.2243252147
2020-03-10,Chinese Yuan Renminbi,4.3700610400,0.2288297557
2020-03-11,Chinese Yuan Renminbi,4.3866875819,0.2279624389
2020-03-12,Chinese Yuan Renminbi,4.2860230056,0.2333165265
2020-03-13,Chinese Yuan Renminbi,4.2480220160,0.2354036764
2020-03-14,Chinese Yuan Renminbi,4.2496122207,0.2353155884
2020-03-15,Chinese Yuan Renminbi,4.2470715418,0.2354563586
2020-03-16,Chinese Yuan Renminbi,4.2709585079,0.2341394790
2020-03-17,Chinese Yuan Renminbi,4.1625308418,0.2402384602
2020-03-18,Chinese Yuan Renminbi,4.0688200160,0.2457715004
2020-03-19,Chinese Yuan Renminbi,4.1628170231,0.2402219445
2020-03-20,Chinese Yuan Renminbi,4.0517763261,0.2468053317
2020-03-21,Chinese Yuan Renminbi,4.0556810656,0.2465677118
2020-03-22,Chinese Yuan Renminbi,4.0499561012,0.2469162566
2020-03-23,Chinese Yuan Renminbi,4.0191038598,0.2488116841
2020-03-24,Chinese Yuan Renminbi,4.0916184234,0.2444020670
2020-03-25,Chinese Yuan Renminbi,4.1288735436,0.2421968097
2020-03-26,Chinese Yuan Renminbi,4.2120877828,0.2374119562
2020-03-27,Chinese Yuan Renminbi,4.2707377323,0.2341515829
2020-03-28,Chinese Yuan Renminbi,4.2833226352,0.2334636181
2020-03-29,Chinese Yuan Renminbi,4.2838608798,0.2334342846
2020-03-30,Chinese Yuan Renminbi,4.2547139998,0.2350334241
2020-03-31,Chinese Yuan Renminbi,4.2187717043,0.2370358176
2020-04-01,Chinese Yuan Renminbi,4.2191106505,0.2370167751
2020-04-02,Chinese Yuan Renminbi,4.1846674695,0.2389676139
2020-04-03,Chinese Yuan Renminbi,4.1528548013,0.2407982094
2020-04-04,Chinese Yuan Renminbi,4.1557157455,0.2406324352
2020-04-05,Chinese Yuan Renminbi,4.1579103146,0.2405054280
2020-04-06,Chinese Yuan Renminbi,4.2196457459,0.2369867188
2020-04-07,Chinese Yuan Renminbi,4.2139850507,0.2373050659
2020-04-08,Chinese Yuan Renminbi,4.2518483690,0.2351918303
2020-04-09,Chinese Yuan Renminbi,4.2716517991,0.2341014781
2020-04-10,Chinese Yuan Renminbi,4.2762943795,0.2338473246
2020-04-11,Chinese Yuan Renminbi,4.2756204571,0.2338841836
2020-04-12,Chinese Yuan Renminbi,4.2783065159,0.2337373436
2020-04-13,Chinese Yuan Renminbi,4.2912155619,0.2330342034
2020-04-14,Chinese Yuan Renminbi,4.2856525879,0.2333366925
2020-04-15,Chinese Yuan Renminbi,4.2382655833,0.2359455726
2020-04-16,Chinese Yuan Renminbi,4.2101778827,0.2375196554
2020-04-17,Chinese Yuan Renminbi,4.2666872262,0.2343738706
2020-04-18,Chinese Yuan Renminbi,4.2663253137,0.2343937526
2020-04-19,Chinese Yuan Renminbi,4.2658952928,0.2344173805
2020-04-20,Chinese Yuan Renminbi,4.2955088540,0.2328012894
2020-04-21,Chinese Yuan Renminbi,4.2135379532,0.2373302462
2020-04-22,Chinese Yuan Renminbi,4.2127359058,0.2373754307
2020-04-23,Chinese Yuan Renminbi,4.2566297250,0.2349276457
2020-04-24,Chinese Yuan Renminbi,4.2495400099,0.2353195870
2020-04-25,Chinese Yuan Renminbi,4.2625105640,0.2346035241
2020-04-26,Chinese Yuan Renminbi,4.2631067400,0.2345707159
2020-04-27,Chinese Yuan Renminbi,4.2891104753,0.2331485761
2020-04-28,Chinese Yuan Renminbi,4.2928345572,0.2329463171
2020-04-29,Chinese Yuan Renminbi,4.3196758020,0.2314988545
2020-04-30,Chinese Yuan Renminbi,4.3440211137,0.2302014594
2020-05-01,Chinese Yuan Renminbi,4.2720752951,0.2340782713
2020-05-02,Chinese Yuan Renminbi,4.2807397187,0.2336044856
2020-05-03,Chinese Yuan Renminbi,4.2833032662,0.2334646738
2020-05-04,Chinese Yuan Renminbi,4.2547548565,0.2350311672
2020-05-05,Chinese Yuan Renminbi,4.2827809325,0.2334931475
2020-05-06,Chinese Yuan Renminbi,4.2768150663,0.2338188546
2020-05-07,Chinese Yuan Renminbi,4.3078663142,0.2321334803
2020-05-08,Chinese Yuan Renminbi,4.3473501330,0.2300251807
2020-05-09,Chinese Yuan Renminbi,4.3408967185,0.2303671487
2020-05-10,Chinese Yuan Renminbi,4.3408468529,0.2303697951
2020-05-11,Chinese Yuan Renminbi,4.3076933823,0.2321427992
2020-05-12,Chinese Yuan Renminbi,4.3210995414,0.2314225790
2020-05-13,Chinese Yuan Renminbi,4.2627889371,0.2345882038
2020-05-14,Chinese Yuan Renminbi,4.2372067452,0.2360045332
2020-05-15,Chinese Yuan Renminbi,4.2114177669,0.2374497272
2020-05-16,Chinese Yuan Renminbi,4.2144295387,0.2372800377
2020-05-17,Chinese Yuan Renminbi,4.2139212254,0.2373086602
2020-05-18,Chinese Yuan Renminbi,4.2887397121,0.2331687319
2020-05-19,Chinese Yuan Renminbi,4.3305344805,0.2309183784
2020-05-20,Chinese Yuan Renminbi,4.3577134050,0.2294781476
2020-05-21,Chinese Yuan Renminbi,4.3487002931,0.2299537638
2020-05-22,Chinese Yuan Renminbi,4.3419414678,0.2303117183
2020-05-23,Chinese Yuan Renminbi,4.3443995054,0.2301814091
2020-05-24,Chinese Yuan Renminbi,4.3457732629,0.2301086457
2020-05-25,Chinese Yuan Renminbi,4.3542844224,0.2296588608
2020-05-26,Chinese Yuan Renminbi,4.4262032188,0.2259272678
2020-05-27,Chinese Yuan Renminbi,4.4186283456,0.2263145759
2020-05-28,Chinese Yuan Renminbi,4.4460544038,0.2249185253
2020-05-29,Chinese Yuan Renminbi,4.4157965521,0.2264597085
2020-05-30,Chinese Yuan Renminbi,4.4294997794,0.2257591263
2020-05-31,Chinese Yuan Renminbi,4.4270197805,0.2258855956
2020-06-01,Chinese Yuan Renminbi,4.4791485313,0.2232567179
2020-06-02,Chinese Yuan Renminbi,4.5049284560,0.2219791079
2020-06-03,Chinese Yuan Renminbi,4.5786017145,0.2184072916
2020-06-04,Chinese Yuan Renminbi,4.5853155103,0.2180875008
2020-06-05,Chinese Yuan Renminbi,4.6104746981,0.2168974055
2020-06-06,Chinese Yuan Renminbi,4.6074573178,0.2170394495
2020-06-07,Chinese Yuan Renminbi,4.6080761897,0.2170103008
2020-06-08,Chinese Yuan Renminbi,4.6247904803,0.2162260116
2020-06-09,Chinese Yuan Renminbi,4.6173519670,0.2165743498
2020-06-10,Chinese Yuan Renminbi,4.6193841376,0.2164790739
2020-06-11,Chinese Yuan Renminbi,4.5604962828,0.2192743811
2020-06-12,Chinese Yuan Renminbi,4.5534367337,0.2196143393
2020-06-13,Chinese Yuan Renminbi,4.5682561381,0.2189019113
2020-06-14,Chinese Yuan Renminbi,4.5641868096,0.2190970794
2020-06-15,Chinese Yuan Renminbi,4.5608953790,0.2192551938
2020-06-16,Chinese Yuan Renminbi,4.5690180406,0.2188654085
2020-06-17,Chinese Yuan Renminbi,4.5778160403,0.2184447761
2020-06-18,Chinese Yuan Renminbi,4.5551311214,0.2195326486
2020-06-19,Chinese Yuan Renminbi,4.5413173340,0.2202004235
2020-06-20,Chinese Yuan Renminbi,4.5315846746,0.2206733564
2020-06-21,Chinese Yuan Renminbi,4.5309470795,0.2207044096
2020-06-22,Chinese Yuan Renminbi,4.5827500298,0.2182095889
2020-06-23,Chinese Yuan Renminbi,4.5971731328,0.2175249814
2020-06-24,Chinese Yuan Renminbi,4.5406350368,0.2202335118
2020-06-25,Chinese Yuan Renminbi,4.5475275477,0.2198997124
2020-06-26,Chinese Yuan Renminbi,4.5419086026,0.2201717576
2020-06-27,Chinese Yuan Renminbi,4.5455466969,0.2199955400
2020-06-28,Chinese Yuan Renminbi,4.5455532765,0.2199952215
2020-06-29,Chinese Yuan Renminbi,4.5379684400,0.2203629252
2020-06-30,Chinese Yuan Renminbi,4.5527714756,0.2196464297
2020-07-01,Chinese Yuan Renminbi,4.5777533858,0.2184477659
2020-07-02,Chinese Yuan Renminbi,4.6018397339,0.2173043952
2020-07-03,Chinese Yuan Renminbi,4.6155909868,0.2166569791
2020-07-04,Chinese Yuan Renminbi,4.6175154869,0.2165666802
2020-07-05,Chinese Yuan Renminbi,4.6178776587,0.2165496953
2020-07-06,Chinese Yuan Renminbi,4.5922417064,0.2177585728
2020-07-07,Chinese Yuan Renminbi,4.6051872898,0.2171464345
2020-07-08,Chinese Yuan Renminbi,4.5959905082,0.2175809541
2020-07-09,Chinese Yuan Renminbi,4.5905017507,0.2178411107
2020-07-10,Chinese Yuan Renminbi,4.6056789514,0.2171232538
2020-07-11,Chinese Yuan Renminbi,4.6016432651,0.2173136730
2020-07-12,Chinese Yuan Renminbi,4.6050758616,0.2171516887
2020-07-13,Chinese Yuan Renminbi,4.6048702857,0.2171613831
2020-07-14,Chinese Yuan Renminbi,4.5740708880,0.2186236341
2020-07-15,Chinese Yuan Renminbi,4.5904418286,0.2178439543
2020-07-16,Chinese Yuan Renminbi,4.5892941372,0.2178984328
2020-07-17,Chinese Yuan Renminbi,4.5799479039,0.2183430949
2020-07-18,Chinese Yuan Renminbi,4.5836724948,0.2181656742
2020-07-19,Chinese Yuan Renminbi,4.5844351182,0.2181293822
2020-07-20,Chinese Yuan Renminbi,4.5875634577,0.2179806360
2020-07-21,Chinese Yuan Renminbi,4.6247966789,0.2162257218
2020-07-22,Chinese Yuan Renminbi,4.6667870883,0.2142801849
2020-07-23,Chinese Yuan Renminbi,4.6627661129,0.2144649712
2020-07-24,Chinese Yuan Renminbi,4.6537386631,0.2148809962
2020-07-25,Chinese Yuan Renminbi,4.6585580624,0.2146586962
2020-07-26,Chinese Yuan Renminbi,4.6611723687,0.2145383009
2020-07-27,Chinese Yuan Renminbi,4.6753441218,0.2138879992
2020-07-28,Chinese Yuan Renminbi,4.6617330142,0.2145124993
2020-07-29,Chinese Yuan Renminbi,4.6592012766,0.2146290621
2020-07-30,Chinese Yuan Renminbi,4.6538915399,0.2148739375
2020-07-31,Chinese Yuan Renminbi,4.6328425737,0.2158502008
2020-08-01,Chinese Yuan Renminbi,4.6232123819,0.2162998187
2020-08-02,Chinese Yuan Renminbi,4.6243308092,0.2162475050
2020-08-03,Chinese Yuan Renminbi,4.6071093002,0.2170558445
2020-08-04,Chinese Yuan Renminbi,4.6099040043,0.2169242568
2020-08-05,Chinese Yuan Renminbi,4.6199922707,0.2164505786
2020-08-06,Chinese Yuan Renminbi,4.6289640140,0.2160310594
2020-08-07,Chinese Yuan Renminbi,4.6034714751,0.2172273697
2020-08-08,Chinese Yuan Renminbi,4.5966446543,0.2175499903
2020-08-09,Chinese Yuan Renminbi,4.5963976293,0.2175616821
2020-08-10,Chinese Yuan Renminbi,4.5878969863,0.2179647893
2020-08-11,Chinese Yuan Renminbi,4.5678640387,0.2189207016
2020-08-12,Chinese Yuan Renminbi,4.5675776640,0.2189344273
